Date,State_name_from,State_name_to,n
April-2020,Alaska,Alaska,50282
April-2020,Alaska,Arizona,546
April-2020,Alaska,California,1311
April-2020,Alaska,Connecticut,4
April-2020,Alaska,Florida,343
April-2020,Alaska,Idaho,185
April-2020,Alaska,Illinois,129
April-2020,Alaska,Maryland,29
April-2020,Alaska,Massachusetts,84
April-2020,Alaska,Michigan,23
April-2020,Alaska,Minnesota,129
April-2020,Alaska,New_Orleans,57
April-2020,Alaska,New_York,161
April-2020,Alaska,Other_Louisiana,50
April-2020,Alaska,Pennsylvania,94
April-2020,Alaska,Shreveport_Bossier,11
April-2020,Alaska,Texas,544
April-2020,Alaska,Utah,185
April-2020,Alaska,Virginia,41
April-2020,Alaska,Washington,4596
April-2020,Alaska,Wisconsin,26
April-2020,Arizona,Alaska,586
April-2020,Arizona,Arizona,1435
April-2020,Arizona,California,19518
April-2020,Arizona,Connecticut,258
April-2020,Arizona,Florida,3375
April-2020,Arizona,Idaho,1567
April-2020,Arizona,Illinois,9207
April-2020,Arizona,Maryland,864
April-2020,Arizona,Massachusetts,1509
April-2020,Arizona,Michigan,1089
April-2020,Arizona,Minnesota,6078
April-2020,Arizona,New_Orleans,435
April-2020,Arizona,New_York,1343
April-2020,Arizona,Other_Louisiana,129
April-2020,Arizona,Pennsylvania,1922
April-2020,Arizona,Shreveport_Bossier,47
April-2020,Arizona,Texas,10120
April-2020,Arizona,Utah,4877
April-2020,Arizona,Virginia,467
April-2020,Arizona,Washington,10568
April-2020,Arizona,Wisconsin,3052
April-2020,California,Alaska,1260
April-2020,California,Arizona,17965
April-2020,California,California,76112
April-2020,California,Connecticut,632
April-2020,California,Florida,14109
April-2020,California,Idaho,3300
April-2020,California,Illinois,16592
April-2020,California,Maryland,2371
April-2020,California,Massachusetts,3808
April-2020,California,Michigan,777
April-2020,California,Minnesota,4770
April-2020,California,New_Orleans,1962
April-2020,California,New_York,12167
April-2020,California,Other_Louisiana,436
April-2020,California,Pennsylvania,5359
April-2020,California,Shreveport_Bossier,180
April-2020,California,Texas,33929
April-2020,California,Utah,12112
April-2020,California,Virginia,1889
April-2020,California,Washington,22907
April-2020,California,Wisconsin,1540
April-2020,Connecticut,Alaska,3
April-2020,Connecticut,Arizona,260
April-2020,Connecticut,California,596
April-2020,Connecticut,Florida,4797
April-2020,Connecticut,Idaho,6
April-2020,Connecticut,Illinois,371
April-2020,Connecticut,Maryland,447
April-2020,Connecticut,Massachusetts,1
April-2020,Connecticut,Michigan,51
April-2020,Connecticut,Minnesota,172
April-2020,Connecticut,New_Orleans,169
April-2020,Connecticut,New_York,56
April-2020,Connecticut,Other_Louisiana,21
April-2020,Connecticut,Pennsylvania,153
April-2020,Connecticut,Shreveport_Bossier,11
April-2020,Connecticut,Texas,734
April-2020,Connecticut,Utah,75
April-2020,Connecticut,Virginia,181
April-2020,Connecticut,Washington,102
April-2020,Connecticut,Wisconsin,99
April-2020,Florida,Alaska,398
April-2020,Florida,Arizona,3465
April-2020,Florida,California,14672
April-2020,Florida,Connecticut,5040
April-2020,Florida,Florida,12901
April-2020,Florida,Idaho,291
April-2020,Florida,Illinois,25396
April-2020,Florida,Maryland,11772
April-2020,Florida,Massachusetts,11164
April-2020,Florida,Michigan,8396
April-2020,Florida,Minnesota,9758
April-2020,Florida,New_Orleans,4330
April-2020,Florida,New_York,27843
April-2020,Florida,Other_Louisiana,350
April-2020,Florida,Pennsylvania,24395
April-2020,Florida,Shreveport_Bossier,209
April-2020,Florida,Texas,25953
April-2020,Florida,Utah,1520
April-2020,Florida,Virginia,4686
April-2020,Florida,Washington,3267
April-2020,Florida,Wisconsin,5926
April-2020,Idaho,Alaska,193
April-2020,Idaho,Arizona,1284
April-2020,Idaho,California,3568
April-2020,Idaho,Connecticut,6
April-2020,Idaho,Florida,233
April-2020,Idaho,Idaho,13
April-2020,Idaho,Illinois,303
April-2020,Idaho,Maryland,43
April-2020,Idaho,Massachusetts,42
April-2020,Idaho,Michigan,21
April-2020,Idaho,Minnesota,75
April-2020,Idaho,New_Orleans,34
April-2020,Idaho,New_York,127
April-2020,Idaho,Other_Louisiana,18
April-2020,Idaho,Pennsylvania,75
April-2020,Idaho,Shreveport_Bossier,6
April-2020,Idaho,Texas,929
April-2020,Idaho,Utah,667
April-2020,Idaho,Virginia,40
April-2020,Idaho,Washington,3656
April-2020,Idaho,Wisconsin,46
April-2020,Illinois,Alaska,121
April-2020,Illinois,Arizona,8555
April-2020,Illinois,California,16160
April-2020,Illinois,Connecticut,307
April-2020,Illinois,Florida,19887
April-2020,Illinois,Idaho,322
April-2020,Illinois,Illinois,3144
April-2020,Illinois,Maryland,2145
April-2020,Illinois,Massachusetts,2005
April-2020,Illinois,Michigan,2981
April-2020,Illinois,Minnesota,1684
April-2020,Illinois,New_Orleans,1100
April-2020,Illinois,New_York,5933
April-2020,Illinois,Other_Louisiana,147
April-2020,Illinois,Pennsylvania,4513
April-2020,Illinois,Shreveport_Bossier,54
April-2020,Illinois,Texas,14361
April-2020,Illinois,Utah,523
April-2020,Illinois,Virginia,1915
April-2020,Illinois,Washington,2460
April-2020,Illinois,Wisconsin,2114
April-2020,Maryland,Alaska,27
April-2020,Maryland,Arizona,630
April-2020,Maryland,California,2004
April-2020,Maryland,Connecticut,393
April-2020,Maryland,Florida,10918
April-2020,Maryland,Idaho,48
April-2020,Maryland,Illinois,2198
April-2020,Maryland,Massachusetts,1243
April-2020,Maryland,Michigan,343
April-2020,Maryland,Minnesota,823
April-2020,Maryland,New_Orleans,697
April-2020,Maryland,New_York,666
April-2020,Maryland,Other_Louisiana,52
April-2020,Maryland,Pennsylvania,1202
April-2020,Maryland,Shreveport_Bossier,23
April-2020,Maryland,Texas,4879
April-2020,Maryland,Utah,259
April-2020,Maryland,Virginia,185
April-2020,Maryland,Washington,272
April-2020,Maryland,Wisconsin,441
April-2020,Massachusetts,Alaska,94
April-2020,Massachusetts,Arizona,1699
April-2020,Massachusetts,California,3803
April-2020,Massachusetts,Florida,10243
April-2020,Massachusetts,Idaho,64
April-2020,Massachusetts,Illinois,2299
April-2020,Massachusetts,Maryland,872
April-2020,Massachusetts,Massachusetts,1085
April-2020,Massachusetts,Michigan,154
April-2020,Massachusetts,Minnesota,743
April-2020,Massachusetts,New_Orleans,518
April-2020,Massachusetts,New_York,2579
April-2020,Massachusetts,Other_Louisiana,58
April-2020,Massachusetts,Pennsylvania,1105
April-2020,Massachusetts,Shreveport_Bossier,23
April-2020,Massachusetts,Texas,3311
April-2020,Massachusetts,Utah,322
April-2020,Massachusetts,Virginia,335
April-2020,Massachusetts,Washington,930
April-2020,Massachusetts,Wisconsin,121
April-2020,Michigan,Alaska,31
April-2020,Michigan,Arizona,823
April-2020,Michigan,California,763
April-2020,Michigan,Connecticut,44
April-2020,Michigan,Florida,6674
April-2020,Michigan,Idaho,19
April-2020,Michigan,Illinois,2789
April-2020,Michigan,Maryland,305
April-2020,Michigan,Massachusetts,167
April-2020,Michigan,Michigan,352
April-2020,Michigan,Minnesota,407
April-2020,Michigan,New_Orleans,39
April-2020,Michigan,New_York,374
April-2020,Michigan,Other_Louisiana,24
April-2020,Michigan,Pennsylvania,639
April-2020,Michigan,Shreveport_Bossier,12
April-2020,Michigan,Texas,879
April-2020,Michigan,Utah,120
April-2020,Michigan,Virginia,215
April-2020,Michigan,Washington,176
April-2020,Michigan,Wisconsin,114
April-2020,Minnesota,Alaska,158
April-2020,Minnesota,Arizona,4780
April-2020,Minnesota,California,5475
April-2020,Minnesota,Connecticut,109
April-2020,Minnesota,Florida,8173
April-2020,Minnesota,Idaho,88
April-2020,Minnesota,Illinois,1604
April-2020,Minnesota,Maryland,1013
April-2020,Minnesota,Massachusetts,539
April-2020,Minnesota,Michigan,385
April-2020,Minnesota,Minnesota,3514
April-2020,Minnesota,New_Orleans,133
April-2020,Minnesota,New_York,1528
April-2020,Minnesota,Other_Louisiana,58
April-2020,Minnesota,Pennsylvania,712
April-2020,Minnesota,Shreveport_Bossier,21
April-2020,Minnesota,Texas,4135
April-2020,Minnesota,Utah,1746
April-2020,Minnesota,Virginia,206
April-2020,Minnesota,Washington,2033
April-2020,Minnesota,Wisconsin,802
April-2020,New_Orleans,Alaska,61
April-2020,New_Orleans,Arizona,613
April-2020,New_Orleans,California,2116
April-2020,New_Orleans,Connecticut,80
April-2020,New_Orleans,Florida,2917
April-2020,New_Orleans,Idaho,140
April-2020,New_Orleans,Illinois,899
April-2020,New_Orleans,Maryland,404
April-2020,New_Orleans,Massachusetts,510
April-2020,New_Orleans,Michigan,32
April-2020,New_Orleans,Minnesota,144
April-2020,New_Orleans,New_York,847
April-2020,New_Orleans,Pennsylvania,476
April-2020,New_Orleans,Shreveport_Bossier,12
April-2020,New_Orleans,Texas,3816
April-2020,New_Orleans,Utah,198
April-2020,New_Orleans,Virginia,315
April-2020,New_Orleans,Washington,344
April-2020,New_Orleans,Wisconsin,134
April-2020,New_York,Alaska,180
April-2020,New_York,Arizona,1523
April-2020,New_York,California,12636
April-2020,New_York,Connecticut,46
April-2020,New_York,Florida,25896
April-2020,New_York,Idaho,152
April-2020,New_York,Illinois,6427
April-2020,New_York,Maryland,490
April-2020,New_York,Massachusetts,2359
April-2020,New_York,Michigan,376
April-2020,New_York,Minnesota,1385
April-2020,New_York,New_Orleans,755
April-2020,New_York,New_York,2522
April-2020,New_York,Other_Louisiana,177
April-2020,New_York,Pennsylvania,2945
April-2020,New_York,Shreveport_Bossier,71
April-2020,New_York,Texas,9137
April-2020,New_York,Utah,1026
April-2020,New_York,Virginia,1531
April-2020,New_York,Washington,2341
April-2020,New_York,Wisconsin,696
April-2020,Other_Louisiana,Alaska,31
April-2020,Other_Louisiana,Arizona,116
April-2020,Other_Louisiana,California,457
April-2020,Other_Louisiana,Connecticut,23
April-2020,Other_Louisiana,Florida,291
April-2020,Other_Louisiana,Idaho,22
April-2020,Other_Louisiana,Illinois,165
April-2020,Other_Louisiana,Maryland,52
April-2020,Other_Louisiana,Massachusetts,45
April-2020,Other_Louisiana,Michigan,30
April-2020,Other_Louisiana,Minnesota,53
April-2020,Other_Louisiana,New_York,181
April-2020,Other_Louisiana,Other_Louisiana,2
April-2020,Other_Louisiana,Pennsylvania,172
April-2020,Other_Louisiana,Shreveport_Bossier,5
April-2020,Other_Louisiana,Texas,2415
April-2020,Other_Louisiana,Utah,76
April-2020,Other_Louisiana,Virginia,117
April-2020,Other_Louisiana,Washington,99
April-2020,Other_Louisiana,Wisconsin,41
April-2020,Pennsylvania,Alaska,106
April-2020,Pennsylvania,Arizona,1506
April-2020,Pennsylvania,California,6186
April-2020,Pennsylvania,Connecticut,262
April-2020,Pennsylvania,Florida,23694
April-2020,Pennsylvania,Idaho,90
April-2020,Pennsylvania,Illinois,4396
April-2020,Pennsylvania,Maryland,1183
April-2020,Pennsylvania,Massachusetts,2433
April-2020,Pennsylvania,Michigan,628
April-2020,Pennsylvania,Minnesota,974
April-2020,Pennsylvania,New_Orleans,584
April-2020,Pennsylvania,New_York,3019
April-2020,Pennsylvania,Other_Louisiana,153
April-2020,Pennsylvania,Pennsylvania,4204
April-2020,Pennsylvania,Shreveport_Bossier,57
April-2020,Pennsylvania,Texas,6273
April-2020,Pennsylvania,Utah,271
April-2020,Pennsylvania,Virginia,1764
April-2020,Pennsylvania,Washington,878
April-2020,Pennsylvania,Wisconsin,1243
April-2020,Shreveport_Bossier,Alaska,26
April-2020,Shreveport_Bossier,Arizona,48
April-2020,Shreveport_Bossier,California,183
April-2020,Shreveport_Bossier,Connecticut,8
April-2020,Shreveport_Bossier,Florida,189
April-2020,Shreveport_Bossier,Idaho,6
April-2020,Shreveport_Bossier,Illinois,65
April-2020,Shreveport_Bossier,Maryland,25
April-2020,Shreveport_Bossier,Massachusetts,19
April-2020,Shreveport_Bossier,Michigan,15
April-2020,Shreveport_Bossier,Minnesota,23
April-2020,Shreveport_Bossier,New_Orleans,7
April-2020,Shreveport_Bossier,New_York,81
April-2020,Shreveport_Bossier,Other_Louisiana,1
April-2020,Shreveport_Bossier,Pennsylvania,68
April-2020,Shreveport_Bossier,Texas,648
April-2020,Shreveport_Bossier,Utah,31
April-2020,Shreveport_Bossier,Virginia,54
April-2020,Shreveport_Bossier,Washington,38
April-2020,Shreveport_Bossier,Wisconsin,24
April-2020,Texas,Alaska,560
April-2020,Texas,Arizona,10026
April-2020,Texas,California,35486
April-2020,Texas,Connecticut,1005
April-2020,Texas,Florida,24013
April-2020,Texas,Idaho,644
April-2020,Texas,Illinois,15753
April-2020,Texas,Maryland,5133
April-2020,Texas,Massachusetts,3391
April-2020,Texas,Michigan,972
April-2020,Texas,Minnesota,4488
April-2020,Texas,New_Orleans,2994
April-2020,Texas,New_York,9133
April-2020,Texas,Other_Louisiana,2388
April-2020,Texas,Pennsylvania,6968
April-2020,Texas,Shreveport_Bossier,665
April-2020,Texas,Texas,39796
April-2020,Texas,Utah,4097
April-2020,Texas,Virginia,2170
April-2020,Texas,Washington,5888
April-2020,Texas,Wisconsin,2344
April-2020,Utah,Alaska,159
April-2020,Utah,Arizona,4745
April-2020,Utah,California,11451
April-2020,Utah,Connecticut,86
April-2020,Utah,Florida,1246
April-2020,Utah,Idaho,901
April-2020,Utah,Illinois,1109
April-2020,Utah,Maryland,221
April-2020,Utah,Massachusetts,266
April-2020,Utah,Michigan,133
April-2020,Utah,Minnesota,1615
April-2020,Utah,New_Orleans,138
April-2020,Utah,New_York,1140
April-2020,Utah,Other_Louisiana,74
April-2020,Utah,Pennsylvania,276
April-2020,Utah,Shreveport_Bossier,25
April-2020,Utah,Texas,4649
April-2020,Utah,Utah,425
April-2020,Utah,Virginia,266
April-2020,Utah,Washington,2541
April-2020,Utah,Wisconsin,108
April-2020,Virginia,Alaska,44
April-2020,Virginia,Arizona,464
April-2020,Virginia,California,2104
April-2020,Virginia,Connecticut,158
April-2020,Virginia,Florida,4341
April-2020,Virginia,Idaho,49
April-2020,Virginia,Illinois,1778
April-2020,Virginia,Maryland,152
April-2020,Virginia,Massachusetts,394
April-2020,Virginia,Michigan,207
April-2020,Virginia,Minnesota,258
April-2020,Virginia,New_Orleans,231
April-2020,Virginia,New_York,1645
April-2020,Virginia,Other_Louisiana,109
April-2020,Virginia,Pennsylvania,1666
April-2020,Virginia,Shreveport_Bossier,59
April-2020,Virginia,Texas,2235
April-2020,Virginia,Utah,283
April-2020,Virginia,Virginia,7
April-2020,Virginia,Washington,360
April-2020,Virginia,Wisconsin,337
April-2020,Washington,Alaska,5164
April-2020,Washington,Arizona,8833
April-2020,Washington,California,22300
April-2020,Washington,Connecticut,75
April-2020,Washington,Florida,2729
April-2020,Washington,Idaho,3081
April-2020,Washington,Illinois,2127
April-2020,Washington,Maryland,321
April-2020,Washington,Massachusetts,769
April-2020,Washington,Michigan,137
April-2020,Washington,Minnesota,1753
April-2020,Washington,New_Orleans,305
April-2020,Washington,New_York,2022
April-2020,Washington,Other_Louisiana,79
April-2020,Washington,Pennsylvania,736
April-2020,Washington,Shreveport_Bossier,37
April-2020,Washington,Texas,4983
April-2020,Washington,Utah,2366
April-2020,Washington,Virginia,286
April-2020,Washington,Washington,10406
April-2020,Washington,Wisconsin,231
April-2020,Wisconsin,Alaska,21
April-2020,Wisconsin,Arizona,2833
April-2020,Wisconsin,California,1712
April-2020,Wisconsin,Connecticut,76
April-2020,Wisconsin,Florida,5070
April-2020,Wisconsin,Idaho,51
April-2020,Wisconsin,Illinois,1897
April-2020,Wisconsin,Maryland,196
April-2020,Wisconsin,Massachusetts,125
April-2020,Wisconsin,Michigan,126
April-2020,Wisconsin,Minnesota,814
April-2020,Wisconsin,New_Orleans,117
April-2020,Wisconsin,New_York,593
April-2020,Wisconsin,Other_Louisiana,30
April-2020,Wisconsin,Pennsylvania,1087
April-2020,Wisconsin,Shreveport_Bossier,21
April-2020,Wisconsin,Texas,2426
April-2020,Wisconsin,Utah,127
April-2020,Wisconsin,Virginia,287
April-2020,Wisconsin,Washington,232
April-2020,Wisconsin,Wisconsin,1
February-2020,Alaska,Alaska,217823
February-2020,Alaska,Arizona,7893
February-2020,Alaska,California,15619
February-2020,Alaska,Connecticut,112
February-2020,Alaska,Florida,5240
February-2020,Alaska,Idaho,1732
February-2020,Alaska,Illinois,1528
February-2020,Alaska,Maryland,516
February-2020,Alaska,Massachusetts,1394
February-2020,Alaska,Michigan,347
February-2020,Alaska,Minnesota,1821
February-2020,Alaska,New_Orleans,816
February-2020,Alaska,New_York,2392
February-2020,Alaska,Other_Louisiana,309
February-2020,Alaska,Pennsylvania,1222
February-2020,Alaska,Shreveport_Bossier,62
February-2020,Alaska,Texas,6285
February-2020,Alaska,Utah,2505
February-2020,Alaska,Virginia,415
February-2020,Alaska,Washington,27300
February-2020,Alaska,Wisconsin,576
February-2020,Arizona,Alaska,7545
February-2020,Arizona,Arizona,3090
February-2020,Arizona,California,250448
February-2020,Arizona,Connecticut,4314
February-2020,Arizona,Florida,62525
February-2020,Arizona,Idaho,11291
February-2020,Arizona,Illinois,76446
February-2020,Arizona,Maryland,12633
February-2020,Arizona,Massachusetts,20540
February-2020,Arizona,Michigan,12400
February-2020,Arizona,Minnesota,54506
February-2020,Arizona,New_Orleans,12315
February-2020,Arizona,New_York,62611
February-2020,Arizona,Other_Louisiana,1858
February-2020,Arizona,Pennsylvania,33476
February-2020,Arizona,Shreveport_Bossier,479
February-2020,Arizona,Texas,114100
February-2020,Arizona,Utah,50313
February-2020,Arizona,Virginia,7404
February-2020,Arizona,Washington,84623
February-2020,Arizona,Wisconsin,26546
February-2020,California,Alaska,16514
February-2020,California,Arizona,247898
February-2020,California,California,1426887
February-2020,California,Connecticut,12073
February-2020,California,Florida,287029
February-2020,California,Idaho,42046
February-2020,California,Illinois,196792
February-2020,California,Maryland,51769
February-2020,California,Massachusetts,127338
February-2020,California,Michigan,14027
February-2020,California,Minnesota,79272
February-2020,California,New_Orleans,48614
February-2020,California,New_York,427325
February-2020,California,Other_Louisiana,5553
February-2020,California,Pennsylvania,103471
February-2020,California,Shreveport_Bossier,1554
February-2020,California,Texas,470662
February-2020,California,Utah,149847
February-2020,California,Virginia,28885
February-2020,California,Washington,383434
February-2020,California,Wisconsin,32761
February-2020,Connecticut,Alaska,132
February-2020,Connecticut,Arizona,4764
February-2020,Connecticut,California,12146
February-2020,Connecticut,Florida,98532
February-2020,Connecticut,Idaho,257
February-2020,Connecticut,Illinois,6358
February-2020,Connecticut,Maryland,4845
February-2020,Connecticut,Massachusetts,9
February-2020,Connecticut,Michigan,938
February-2020,Connecticut,Minnesota,3143
February-2020,Connecticut,New_Orleans,1648
February-2020,Connecticut,New_York,614
February-2020,Connecticut,Other_Louisiana,314
February-2020,Connecticut,Pennsylvania,2949
February-2020,Connecticut,Shreveport_Bossier,124
February-2020,Connecticut,Texas,10611
February-2020,Connecticut,Utah,1170
February-2020,Connecticut,Virginia,2090
February-2020,Connecticut,Washington,1935
February-2020,Connecticut,Wisconsin,1765
February-2020,Florida,Alaska,5388
February-2020,Florida,Arizona,63328
February-2020,Florida,California,295662
February-2020,Florida,Connecticut,96525
February-2020,Florida,Florida,134804
February-2020,Florida,Idaho,5990
February-2020,Florida,Illinois,349384
February-2020,Florida,Maryland,160070
February-2020,Florida,Massachusetts,228733
February-2020,Florida,Michigan,73186
February-2020,Florida,Minnesota,152322
February-2020,Florida,New_Orleans,49962
February-2020,Florida,New_York,991500
February-2020,Florida,Other_Louisiana,6269
February-2020,Florida,Pennsylvania,380540
February-2020,Florida,Shreveport_Bossier,2490
February-2020,Florida,Texas,359898
February-2020,Florida,Utah,37196
February-2020,Florida,Virginia,76567
February-2020,Florida,Washington,58782
February-2020,Florida,Wisconsin,84344
February-2020,Idaho,Alaska,1897
February-2020,Idaho,Arizona,11113
February-2020,Idaho,California,42985
February-2020,Idaho,Connecticut,230
February-2020,Idaho,Florida,6072
February-2020,Idaho,Idaho,272
February-2020,Idaho,Illinois,3464
February-2020,Idaho,Maryland,946
February-2020,Idaho,Massachusetts,1426
February-2020,Idaho,Michigan,511
February-2020,Idaho,Minnesota,1862
February-2020,Idaho,New_Orleans,876
February-2020,Idaho,New_York,3648
February-2020,Idaho,Other_Louisiana,189
February-2020,Idaho,Pennsylvania,1783
February-2020,Idaho,Shreveport_Bossier,40
February-2020,Idaho,Texas,10692
February-2020,Idaho,Utah,4390
February-2020,Idaho,Virginia,649
February-2020,Idaho,Washington,29005
February-2020,Idaho,Wisconsin,1054
February-2020,Illinois,Alaska,1600
February-2020,Illinois,Arizona,76195
February-2020,Illinois,California,197357
February-2020,Illinois,Connecticut,6321
February-2020,Illinois,Florida,359111
February-2020,Illinois,Idaho,3582
February-2020,Illinois,Illinois,3627
February-2020,Illinois,Maryland,23368
February-2020,Illinois,Massachusetts,49168
February-2020,Illinois,Michigan,7239
February-2020,Illinois,Minnesota,43295
February-2020,Illinois,New_Orleans,25948
February-2020,Illinois,New_York,139656
February-2020,Illinois,Other_Louisiana,1508
February-2020,Illinois,Pennsylvania,50761
February-2020,Illinois,Shreveport_Bossier,485
February-2020,Illinois,Texas,168274
February-2020,Illinois,Utah,15805
February-2020,Illinois,Virginia,10987
February-2020,Illinois,Washington,30452
February-2020,Illinois,Wisconsin,3443
February-2020,Maryland,Alaska,519
February-2020,Maryland,Arizona,13319
February-2020,Maryland,California,59042
February-2020,Maryland,Connecticut,4446
February-2020,Maryland,Florida,163244
February-2020,Maryland,Idaho,1004
February-2020,Maryland,Illinois,26161
February-2020,Maryland,Maryland,1
February-2020,Maryland,Massachusetts,22934
February-2020,Maryland,Michigan,2574
February-2020,Maryland,Minnesota,6593
February-2020,Maryland,New_Orleans,9909
February-2020,Maryland,New_York,11282
February-2020,Maryland,Other_Louisiana,700
February-2020,Maryland,Pennsylvania,3847
February-2020,Maryland,Shreveport_Bossier,272
February-2020,Maryland,Texas,59499
February-2020,Maryland,Utah,6015
February-2020,Maryland,Virginia,1194
February-2020,Maryland,Washington,5119
February-2020,Maryland,Wisconsin,3312
February-2020,Massachusetts,Alaska,1543
February-2020,Massachusetts,Arizona,20650
February-2020,Massachusetts,California,129486
February-2020,Massachusetts,Connecticut,2
February-2020,Massachusetts,Florida,232278
February-2020,Massachusetts,Idaho,1485
February-2020,Massachusetts,Illinois,47590
February-2020,Massachusetts,Maryland,23355
February-2020,Massachusetts,Massachusetts,3187
February-2020,Massachusetts,Michigan,2640
February-2020,Massachusetts,Minnesota,18789
February-2020,Massachusetts,New_Orleans,9562
February-2020,Massachusetts,New_York,82125
February-2020,Massachusetts,Other_Louisiana,841
February-2020,Massachusetts,Pennsylvania,49837
February-2020,Massachusetts,Shreveport_Bossier,256
February-2020,Massachusetts,Texas,62605
February-2020,Massachusetts,Utah,11368
February-2020,Massachusetts,Virginia,11933
February-2020,Massachusetts,Washington,19222
February-2020,Massachusetts,Wisconsin,9042
February-2020,Michigan,Alaska,354
February-2020,Michigan,Arizona,12732
February-2020,Michigan,California,14567
February-2020,Michigan,Connecticut,1009
February-2020,Michigan,Florida,75969
February-2020,Michigan,Idaho,527
February-2020,Michigan,Illinois,7790
February-2020,Michigan,Maryland,2812
February-2020,Michigan,Massachusetts,2715
February-2020,Michigan,Michigan,816
February-2020,Michigan,Minnesota,5551
February-2020,Michigan,New_Orleans,2260
February-2020,Michigan,New_York,10569
February-2020,Michigan,Other_Louisiana,403
February-2020,Michigan,Pennsylvania,4714
February-2020,Michigan,Shreveport_Bossier,182
February-2020,Michigan,Texas,14509
February-2020,Michigan,Utah,1791
February-2020,Michigan,Virginia,1884
February-2020,Michigan,Washington,3149
February-2020,Michigan,Wisconsin,1554
February-2020,Minnesota,Alaska,2113
February-2020,Minnesota,Arizona,56804
February-2020,Minnesota,California,79547
February-2020,Minnesota,Connecticut,2941
February-2020,Minnesota,Florida,156859
February-2020,Minnesota,Idaho,1984
February-2020,Minnesota,Illinois,44198
February-2020,Minnesota,Maryland,9339
February-2020,Minnesota,Massachusetts,18764
February-2020,Minnesota,Michigan,5325
February-2020,Minnesota,Minnesota,2092
February-2020,Minnesota,New_Orleans,6806
February-2020,Minnesota,New_York,41026
February-2020,Minnesota,Other_Louisiana,701
February-2020,Minnesota,Pennsylvania,12687
February-2020,Minnesota,Shreveport_Bossier,201
February-2020,Minnesota,Texas,53216
February-2020,Minnesota,Utah,8350
February-2020,Minnesota,Virginia,3416
February-2020,Minnesota,Washington,14608
February-2020,Minnesota,Wisconsin,6588
February-2020,New_Orleans,Alaska,863
February-2020,New_Orleans,Arizona,10022
February-2020,New_Orleans,California,46606
February-2020,New_Orleans,Connecticut,1669
February-2020,New_Orleans,Florida,50312
February-2020,New_Orleans,Idaho,824
February-2020,New_Orleans,Illinois,22860
February-2020,New_Orleans,Maryland,11369
February-2020,New_Orleans,Massachusetts,10248
February-2020,New_Orleans,Michigan,2216
February-2020,New_Orleans,Minnesota,7362
February-2020,New_Orleans,New_York,39734
February-2020,New_Orleans,Other_Louisiana,13
February-2020,New_Orleans,Pennsylvania,12820
February-2020,New_Orleans,Shreveport_Bossier,150
February-2020,New_Orleans,Texas,69761
February-2020,New_Orleans,Utah,3676
February-2020,New_Orleans,Virginia,5007
February-2020,New_Orleans,Washington,8681
February-2020,New_Orleans,Wisconsin,2930
February-2020,New_York,Alaska,2501
February-2020,New_York,Arizona,61686
February-2020,New_York,California,427758
February-2020,New_York,Connecticut,621
February-2020,New_York,Florida,1013314
February-2020,New_York,Idaho,3651
February-2020,New_York,Illinois,137746
February-2020,New_York,Maryland,10878
February-2020,New_York,Massachusetts,80335
February-2020,New_York,Michigan,9998
February-2020,New_York,Minnesota,42425
February-2020,New_York,New_Orleans,44535
February-2020,New_York,New_York,79969
February-2020,New_York,Other_Louisiana,3097
February-2020,New_York,Pennsylvania,32204
February-2020,New_York,Shreveport_Bossier,962
February-2020,New_York,Texas,229678
February-2020,New_York,Utah,37076
February-2020,New_York,Virginia,33672
February-2020,New_York,Washington,46249
February-2020,New_York,Wisconsin,25155
February-2020,Other_Louisiana,Alaska,365
February-2020,Other_Louisiana,Arizona,1752
February-2020,Other_Louisiana,California,5749
February-2020,Other_Louisiana,Connecticut,302
February-2020,Other_Louisiana,Florida,6293
February-2020,Other_Louisiana,Idaho,207
February-2020,Other_Louisiana,Illinois,1580
February-2020,Other_Louisiana,Maryland,708
February-2020,Other_Louisiana,Massachusetts,832
February-2020,Other_Louisiana,Michigan,393
February-2020,Other_Louisiana,Minnesota,712
February-2020,Other_Louisiana,New_Orleans,16
February-2020,Other_Louisiana,New_York,3177
February-2020,Other_Louisiana,Other_Louisiana,3
February-2020,Other_Louisiana,Pennsylvania,1988
February-2020,Other_Louisiana,Shreveport_Bossier,16
February-2020,Other_Louisiana,Texas,11187
February-2020,Other_Louisiana,Utah,841
February-2020,Other_Louisiana,Virginia,1126
February-2020,Other_Louisiana,Washington,1120
February-2020,Other_Louisiana,Wisconsin,654
February-2020,Pennsylvania,Alaska,1345
February-2020,Pennsylvania,Arizona,30548
February-2020,Pennsylvania,California,101747
February-2020,Pennsylvania,Connecticut,3138
February-2020,Pennsylvania,Florida,382737
February-2020,Pennsylvania,Idaho,1831
February-2020,Pennsylvania,Illinois,49009
February-2020,Pennsylvania,Maryland,2354
February-2020,Pennsylvania,Massachusetts,48193
February-2020,Pennsylvania,Michigan,4627
February-2020,Pennsylvania,Minnesota,13387
February-2020,Pennsylvania,New_Orleans,13604
February-2020,Pennsylvania,New_York,30087
February-2020,Pennsylvania,Other_Louisiana,1979
February-2020,Pennsylvania,Pennsylvania,11819
February-2020,Pennsylvania,Shreveport_Bossier,605
February-2020,Pennsylvania,Texas,87011
February-2020,Pennsylvania,Utah,8608
February-2020,Pennsylvania,Virginia,6815
February-2020,Pennsylvania,Washington,11150
February-2020,Pennsylvania,Wisconsin,9321
February-2020,Shreveport_Bossier,Alaska,51
February-2020,Shreveport_Bossier,Arizona,474
February-2020,Shreveport_Bossier,California,1672
February-2020,Shreveport_Bossier,Connecticut,102
February-2020,Shreveport_Bossier,Florida,2389
February-2020,Shreveport_Bossier,Idaho,41
February-2020,Shreveport_Bossier,Illinois,527
February-2020,Shreveport_Bossier,Maryland,253
February-2020,Shreveport_Bossier,Massachusetts,249
February-2020,Shreveport_Bossier,Michigan,200
February-2020,Shreveport_Bossier,Minnesota,226
February-2020,Shreveport_Bossier,New_Orleans,120
February-2020,Shreveport_Bossier,New_York,974
February-2020,Shreveport_Bossier,Other_Louisiana,16
February-2020,Shreveport_Bossier,Pennsylvania,609
February-2020,Shreveport_Bossier,Texas,1889
February-2020,Shreveport_Bossier,Utah,249
February-2020,Shreveport_Bossier,Virginia,510
February-2020,Shreveport_Bossier,Washington,261
February-2020,Shreveport_Bossier,Wisconsin,204
February-2020,Texas,Alaska,6927
February-2020,Texas,Arizona,106187
February-2020,Texas,California,471010
February-2020,Texas,Connecticut,10053
February-2020,Texas,Florida,357986
February-2020,Texas,Idaho,10661
February-2020,Texas,Illinois,166891
February-2020,Texas,Maryland,56556
February-2020,Texas,Massachusetts,61939
February-2020,Texas,Michigan,13286
February-2020,Texas,Minnesota,52302
February-2020,Texas,New_Orleans,71667
February-2020,Texas,New_York,229690
February-2020,Texas,Other_Louisiana,10830
February-2020,Texas,Pennsylvania,84405
February-2020,Texas,Shreveport_Bossier,1926
February-2020,Texas,Texas,378933
February-2020,Texas,Utah,51690
February-2020,Texas,Virginia,28453
February-2020,Texas,Washington,68523
February-2020,Texas,Wisconsin,28521
February-2020,Utah,Alaska,2523
February-2020,Utah,Arizona,49478
February-2020,Utah,California,150904
February-2020,Utah,Connecticut,1160
February-2020,Utah,Florida,36098
February-2020,Utah,Idaho,4671
February-2020,Utah,Illinois,15943
February-2020,Utah,Maryland,6171
February-2020,Utah,Massachusetts,10461
February-2020,Utah,Michigan,1742
February-2020,Utah,Minnesota,7991
February-2020,Utah,New_Orleans,3415
February-2020,Utah,New_York,35949
February-2020,Utah,Other_Louisiana,822
February-2020,Utah,Pennsylvania,8503
February-2020,Utah,Shreveport_Bossier,225
February-2020,Utah,Texas,51009
February-2020,Utah,Utah,4330
February-2020,Utah,Virginia,3280
February-2020,Utah,Washington,26380
February-2020,Utah,Wisconsin,3311
February-2020,Virginia,Alaska,533
February-2020,Virginia,Arizona,7568
February-2020,Virginia,California,28439
February-2020,Virginia,Connecticut,1981
February-2020,Virginia,Florida,76034
February-2020,Virginia,Idaho,697
February-2020,Virginia,Illinois,12834
February-2020,Virginia,Maryland,1099
February-2020,Virginia,Massachusetts,11793
February-2020,Virginia,Michigan,1812
February-2020,Virginia,Minnesota,3645
February-2020,Virginia,New_Orleans,5102
February-2020,Virginia,New_York,33050
February-2020,Virginia,Other_Louisiana,1221
February-2020,Virginia,Pennsylvania,6714
February-2020,Virginia,Shreveport_Bossier,485
February-2020,Virginia,Texas,29153
February-2020,Virginia,Utah,3305
February-2020,Virginia,Virginia,97
February-2020,Virginia,Washington,4960
February-2020,Virginia,Wisconsin,3380
February-2020,Washington,Alaska,31502
February-2020,Washington,Arizona,84575
February-2020,Washington,California,384231
February-2020,Washington,Connecticut,1870
February-2020,Washington,Florida,60082
February-2020,Washington,Idaho,28004
February-2020,Washington,Illinois,30007
February-2020,Washington,Maryland,5553
February-2020,Washington,Massachusetts,18556
February-2020,Washington,Michigan,2902
February-2020,Washington,Minnesota,14346
February-2020,Washington,New_Orleans,9199
February-2020,Washington,New_York,45581
February-2020,Washington,Other_Louisiana,981
February-2020,Washington,Pennsylvania,11378
February-2020,Washington,Shreveport_Bossier,246
February-2020,Washington,Texas,69496
February-2020,Washington,Utah,25579
February-2020,Washington,Virginia,4900
February-2020,Washington,Washington,66823
February-2020,Washington,Wisconsin,5553
February-2020,Wisconsin,Alaska,571
February-2020,Wisconsin,Arizona,27059
February-2020,Wisconsin,California,33131
February-2020,Wisconsin,Connecticut,2095
February-2020,Wisconsin,Florida,93320
February-2020,Wisconsin,Idaho,1089
February-2020,Wisconsin,Illinois,3514
February-2020,Wisconsin,Maryland,3577
February-2020,Wisconsin,Massachusetts,9276
February-2020,Wisconsin,Michigan,1537
February-2020,Wisconsin,Minnesota,7925
February-2020,Wisconsin,New_Orleans,2789
February-2020,Wisconsin,New_York,24522
February-2020,Wisconsin,Other_Louisiana,619
February-2020,Wisconsin,Pennsylvania,9258
February-2020,Wisconsin,Shreveport_Bossier,221
February-2020,Wisconsin,Texas,29260
February-2020,Wisconsin,Utah,3449
February-2020,Wisconsin,Virginia,3514
February-2020,Wisconsin,Washington,6241
February-2020,Wisconsin,Wisconsin,39
March-2020,Alaska,Alaska,133874
March-2020,Alaska,Arizona,4699
March-2020,Alaska,California,8496
March-2020,Alaska,Connecticut,77
March-2020,Alaska,Florida,2771
March-2020,Alaska,Idaho,862
March-2020,Alaska,Illinois,841
March-2020,Alaska,Maryland,216
March-2020,Alaska,Massachusetts,750
March-2020,Alaska,Michigan,221
March-2020,Alaska,Minnesota,1836
March-2020,Alaska,New_Orleans,411
March-2020,Alaska,New_York,1237
March-2020,Alaska,Other_Louisiana,189
March-2020,Alaska,Pennsylvania,615
March-2020,Alaska,Shreveport_Bossier,36
March-2020,Alaska,Texas,3695
March-2020,Alaska,Utah,1303
March-2020,Alaska,Virginia,253
March-2020,Alaska,Washington,24554
March-2020,Alaska,Wisconsin,337
March-2020,Arizona,Alaska,6355
March-2020,Arizona,Arizona,4206
March-2020,Arizona,California,155271
March-2020,Arizona,Connecticut,2732
March-2020,Arizona,Florida,40644
March-2020,Arizona,Idaho,8911
March-2020,Arizona,Illinois,64630
March-2020,Arizona,Maryland,9094
March-2020,Arizona,Massachusetts,14557
March-2020,Arizona,Michigan,10204
March-2020,Arizona,Minnesota,51377
March-2020,Arizona,New_Orleans,5984
March-2020,Arizona,New_York,41467
March-2020,Arizona,Other_Louisiana,1220
March-2020,Arizona,Pennsylvania,19965
March-2020,Arizona,Shreveport_Bossier,367
March-2020,Arizona,Texas,76280
March-2020,Arizona,Utah,30275
March-2020,Arizona,Virginia,4478
March-2020,Arizona,Washington,55955
March-2020,Arizona,Wisconsin,21293
March-2020,California,Alaska,10788
March-2020,California,Arizona,157166
March-2020,California,California,837978
March-2020,California,Connecticut,6424
March-2020,California,Florida,169681
March-2020,California,Idaho,29074
March-2020,California,Illinois,128913
March-2020,California,Maryland,31417
March-2020,California,Massachusetts,79209
March-2020,California,Michigan,8615
March-2020,California,Minnesota,56369
March-2020,California,New_Orleans,28294
March-2020,California,New_York,230497
March-2020,California,Other_Louisiana,3332
March-2020,California,Pennsylvania,55886
March-2020,California,Shreveport_Bossier,1090
March-2020,California,Texas,295079
March-2020,California,Utah,83142
March-2020,California,Virginia,15972
March-2020,California,Washington,194129
March-2020,California,Wisconsin,17591
March-2020,Connecticut,Alaska,83
March-2020,Connecticut,Arizona,2537
March-2020,Connecticut,California,6017
March-2020,Connecticut,Florida,67198
March-2020,Connecticut,Idaho,132
March-2020,Connecticut,Illinois,3450
March-2020,Connecticut,Maryland,2212
March-2020,Connecticut,Massachusetts,6
March-2020,Connecticut,Michigan,497
March-2020,Connecticut,Minnesota,1883
March-2020,Connecticut,New_Orleans,888
March-2020,Connecticut,New_York,365
March-2020,Connecticut,Other_Louisiana,171
March-2020,Connecticut,Pennsylvania,1802
March-2020,Connecticut,Shreveport_Bossier,59
March-2020,Connecticut,Texas,5716
March-2020,Connecticut,Utah,549
March-2020,Connecticut,Virginia,1252
March-2020,Connecticut,Washington,985
March-2020,Connecticut,Wisconsin,913
March-2020,Florida,Alaska,3697
March-2020,Florida,Arizona,40898
March-2020,Florida,California,173213
March-2020,Florida,Connecticut,70656
March-2020,Florida,Florida,99643
March-2020,Florida,Idaho,3464
March-2020,Florida,Illinois,290019
March-2020,Florida,Maryland,116873
March-2020,Florida,Massachusetts,205774
March-2020,Florida,Michigan,60811
March-2020,Florida,Minnesota,132590
March-2020,Florida,New_Orleans,38443
March-2020,Florida,New_York,705191
March-2020,Florida,Other_Louisiana,3495
March-2020,Florida,Pennsylvania,278542
March-2020,Florida,Shreveport_Bossier,1457
March-2020,Florida,Texas,257459
March-2020,Florida,Utah,23551
March-2020,Florida,Virginia,51695
March-2020,Florida,Washington,34046
March-2020,Florida,Wisconsin,64599
March-2020,Idaho,Alaska,1051
March-2020,Idaho,Arizona,8662
March-2020,Idaho,California,29262
March-2020,Idaho,Connecticut,115
March-2020,Idaho,Florida,3162
March-2020,Idaho,Idaho,198
March-2020,Idaho,Illinois,2609
March-2020,Idaho,Maryland,542
March-2020,Idaho,Massachusetts,793
March-2020,Idaho,Michigan,278
March-2020,Idaho,Minnesota,1183
March-2020,Idaho,New_Orleans,405
March-2020,Idaho,New_York,1782
March-2020,Idaho,Other_Louisiana,115
March-2020,Idaho,Pennsylvania,841
March-2020,Idaho,Shreveport_Bossier,38
March-2020,Idaho,Texas,6018
March-2020,Idaho,Utah,3898
March-2020,Idaho,Virginia,352
March-2020,Idaho,Washington,16470
March-2020,Idaho,Wisconsin,561
March-2020,Illinois,Alaska,1009
March-2020,Illinois,Arizona,60090
March-2020,Illinois,California,118645
March-2020,Illinois,Connecticut,3965
March-2020,Illinois,Florida,270038
March-2020,Illinois,Idaho,2623
March-2020,Illinois,Illinois,10267
March-2020,Illinois,Maryland,16035
March-2020,Illinois,Massachusetts,29925
March-2020,Illinois,Michigan,11193
March-2020,Illinois,Minnesota,30590
March-2020,Illinois,New_Orleans,15623
March-2020,Illinois,New_York,81769
March-2020,Illinois,Other_Louisiana,979
March-2020,Illinois,Pennsylvania,29160
March-2020,Illinois,Shreveport_Bossier,300
March-2020,Illinois,Texas,103619
March-2020,Illinois,Utah,9094
March-2020,Illinois,Virginia,8559
March-2020,Illinois,Washington,16351
March-2020,Illinois,Wisconsin,7992
March-2020,Maryland,Alaska,393
March-2020,Maryland,Arizona,8145
March-2020,Maryland,California,32507
March-2020,Maryland,Connecticut,2285
March-2020,Maryland,Florida,119093
March-2020,Maryland,Idaho,602
March-2020,Maryland,Illinois,17140
March-2020,Maryland,Maryland,1
March-2020,Maryland,Massachusetts,15595
March-2020,Maryland,Michigan,1462
March-2020,Maryland,Minnesota,6752
March-2020,Maryland,New_Orleans,9526
March-2020,Maryland,New_York,6159
March-2020,Maryland,Other_Louisiana,390
March-2020,Maryland,Pennsylvania,3338
March-2020,Maryland,Shreveport_Bossier,134
March-2020,Maryland,Texas,40444
March-2020,Maryland,Utah,3550
March-2020,Maryland,Virginia,976
March-2020,Maryland,Washington,5748
March-2020,Maryland,Wisconsin,1908
March-2020,Massachusetts,Alaska,1003
March-2020,Massachusetts,Arizona,13389
March-2020,Massachusetts,California,76423
March-2020,Massachusetts,Connecticut,8
March-2020,Massachusetts,Florida,186354
March-2020,Massachusetts,Idaho,769
March-2020,Massachusetts,Illinois,30142
March-2020,Massachusetts,Maryland,14685
March-2020,Massachusetts,Massachusetts,1429
March-2020,Massachusetts,Michigan,1384
March-2020,Massachusetts,Minnesota,12973
March-2020,Massachusetts,New_Orleans,9202
March-2020,Massachusetts,New_York,51129
March-2020,Massachusetts,Other_Louisiana,422
March-2020,Massachusetts,Pennsylvania,32780
March-2020,Massachusetts,Shreveport_Bossier,140
March-2020,Massachusetts,Texas,38415
March-2020,Massachusetts,Utah,6720
March-2020,Massachusetts,Virginia,10423
March-2020,Massachusetts,Washington,11103
March-2020,Massachusetts,Wisconsin,3670
March-2020,Michigan,Alaska,212
March-2020,Michigan,Arizona,9107
March-2020,Michigan,California,7729
March-2020,Michigan,Connecticut,519
March-2020,Michigan,Florida,60603
March-2020,Michigan,Idaho,264
March-2020,Michigan,Illinois,11263
March-2020,Michigan,Maryland,1741
March-2020,Michigan,Massachusetts,1362
March-2020,Michigan,Michigan,750
March-2020,Michigan,Minnesota,3702
March-2020,Michigan,New_Orleans,1191
March-2020,Michigan,New_York,7324
March-2020,Michigan,Other_Louisiana,233
March-2020,Michigan,Pennsylvania,3013
March-2020,Michigan,Shreveport_Bossier,102
March-2020,Michigan,Texas,8784
March-2020,Michigan,Utah,971
March-2020,Michigan,Virginia,1289
March-2020,Michigan,Washington,1423
March-2020,Michigan,Wisconsin,1021
March-2020,Minnesota,Alaska,1987
March-2020,Minnesota,Arizona,45309
March-2020,Minnesota,California,47167
March-2020,Minnesota,Connecticut,1775
March-2020,Minnesota,Florida,115205
March-2020,Minnesota,Idaho,1208
March-2020,Minnesota,Illinois,29698
March-2020,Minnesota,Maryland,8357
March-2020,Minnesota,Massachusetts,12783
March-2020,Minnesota,Michigan,4112
March-2020,Minnesota,Minnesota,4637
March-2020,Minnesota,New_Orleans,5993
March-2020,Minnesota,New_York,24090
March-2020,Minnesota,Other_Louisiana,463
March-2020,Minnesota,Pennsylvania,7523
March-2020,Minnesota,Shreveport_Bossier,149
March-2020,Minnesota,Texas,35219
March-2020,Minnesota,Utah,5983
March-2020,Minnesota,Virginia,2461
March-2020,Minnesota,Washington,8672
March-2020,Minnesota,Wisconsin,4230
March-2020,New_Orleans,Alaska,598
March-2020,New_Orleans,Arizona,7305
March-2020,New_Orleans,California,31352
March-2020,New_Orleans,Connecticut,910
March-2020,New_Orleans,Florida,39132
March-2020,New_Orleans,Idaho,426
March-2020,New_Orleans,Illinois,16691
March-2020,New_Orleans,Maryland,8845
March-2020,New_Orleans,Massachusetts,9720
March-2020,New_Orleans,Michigan,1320
March-2020,New_Orleans,Minnesota,7054
March-2020,New_Orleans,New_York,27140
March-2020,New_Orleans,Other_Louisiana,13
March-2020,New_Orleans,Pennsylvania,9093
March-2020,New_Orleans,Shreveport_Bossier,85
March-2020,New_Orleans,Texas,42372
March-2020,New_Orleans,Utah,2190
March-2020,New_Orleans,Virginia,2805
March-2020,New_Orleans,Washington,4363
March-2020,New_Orleans,Wisconsin,1621
March-2020,New_York,Alaska,1570
March-2020,New_York,Arizona,39412
March-2020,New_York,California,228518
March-2020,New_York,Connecticut,387
March-2020,New_York,Florida,653631
March-2020,New_York,Idaho,1959
March-2020,New_York,Illinois,82374
March-2020,New_York,Maryland,6548
March-2020,New_York,Massachusetts,53399
March-2020,New_York,Michigan,7067
March-2020,New_York,Minnesota,27097
March-2020,New_York,New_Orleans,25518
March-2020,New_York,New_York,52365
March-2020,New_York,Other_Louisiana,1771
March-2020,New_York,Pennsylvania,29353
March-2020,New_York,Shreveport_Bossier,507
March-2020,New_York,Texas,132636
March-2020,New_York,Utah,21191
March-2020,New_York,Virginia,27077
March-2020,New_York,Washington,22513
March-2020,New_York,Wisconsin,15743
March-2020,Other_Louisiana,Alaska,152
March-2020,Other_Louisiana,Arizona,1105
March-2020,Other_Louisiana,California,3330
March-2020,Other_Louisiana,Connecticut,186
March-2020,Other_Louisiana,Florida,3212
March-2020,Other_Louisiana,Idaho,122
March-2020,Other_Louisiana,Illinois,1084
March-2020,Other_Louisiana,Maryland,420
March-2020,Other_Louisiana,Massachusetts,453
March-2020,Other_Louisiana,Michigan,291
March-2020,Other_Louisiana,Minnesota,484
March-2020,Other_Louisiana,New_Orleans,10
March-2020,Other_Louisiana,New_York,1855
March-2020,Other_Louisiana,Other_Louisiana,3
March-2020,Other_Louisiana,Pennsylvania,1133
March-2020,Other_Louisiana,Shreveport_Bossier,16
March-2020,Other_Louisiana,Texas,11994
March-2020,Other_Louisiana,Utah,583
March-2020,Other_Louisiana,Virginia,788
March-2020,Other_Louisiana,Washington,594
March-2020,Other_Louisiana,Wisconsin,406
March-2020,Pennsylvania,Alaska,857
March-2020,Pennsylvania,Arizona,16938
March-2020,Pennsylvania,California,51119
March-2020,Pennsylvania,Connecticut,1951
March-2020,Pennsylvania,Florida,259489
March-2020,Pennsylvania,Idaho,899
March-2020,Pennsylvania,Illinois,28595
March-2020,Pennsylvania,Maryland,2094
March-2020,Pennsylvania,Massachusetts,33093
March-2020,Pennsylvania,Michigan,2877
March-2020,Pennsylvania,Minnesota,7930
March-2020,Pennsylvania,New_Orleans,8349
March-2020,Pennsylvania,New_York,26588
March-2020,Pennsylvania,Other_Louisiana,1140
March-2020,Pennsylvania,Pennsylvania,8622
March-2020,Pennsylvania,Shreveport_Bossier,327
March-2020,Pennsylvania,Texas,49617
March-2020,Pennsylvania,Utah,4321
March-2020,Pennsylvania,Virginia,6155
March-2020,Pennsylvania,Washington,5383
March-2020,Pennsylvania,Wisconsin,5844
March-2020,Shreveport_Bossier,Alaska,31
March-2020,Shreveport_Bossier,Arizona,310
March-2020,Shreveport_Bossier,California,970
March-2020,Shreveport_Bossier,Connecticut,54
March-2020,Shreveport_Bossier,Florida,1194
March-2020,Shreveport_Bossier,Idaho,25
March-2020,Shreveport_Bossier,Illinois,336
March-2020,Shreveport_Bossier,Maryland,128
March-2020,Shreveport_Bossier,Massachusetts,133
March-2020,Shreveport_Bossier,Michigan,120
March-2020,Shreveport_Bossier,Minnesota,152
March-2020,Shreveport_Bossier,New_Orleans,75
March-2020,Shreveport_Bossier,New_York,487
March-2020,Shreveport_Bossier,Other_Louisiana,10
March-2020,Shreveport_Bossier,Pennsylvania,328
March-2020,Shreveport_Bossier,Texas,2812
March-2020,Shreveport_Bossier,Utah,158
March-2020,Shreveport_Bossier,Virginia,283
March-2020,Shreveport_Bossier,Washington,153
March-2020,Shreveport_Bossier,Wisconsin,105
March-2020,Texas,Alaska,4754
March-2020,Texas,Arizona,73975
March-2020,Texas,California,288465
March-2020,Texas,Connecticut,5810
March-2020,Texas,Florida,246925
March-2020,Texas,Idaho,5875
March-2020,Texas,Illinois,106136
March-2020,Texas,Maryland,43424
March-2020,Texas,Massachusetts,42482
March-2020,Texas,Michigan,9275
March-2020,Texas,Minnesota,40137
March-2020,Texas,New_Orleans,40660
March-2020,Texas,New_York,130867
March-2020,Texas,Other_Louisiana,11311
March-2020,Texas,Pennsylvania,47103
March-2020,Texas,Shreveport_Bossier,1836
March-2020,Texas,Texas,283904
March-2020,Texas,Utah,34296
March-2020,Texas,Virginia,16353
March-2020,Texas,Washington,35316
March-2020,Texas,Wisconsin,16761
March-2020,Utah,Alaska,1537
March-2020,Utah,Arizona,31026
March-2020,Utah,California,83037
March-2020,Utah,Connecticut,662
March-2020,Utah,Florida,23357
March-2020,Utah,Idaho,4314
March-2020,Utah,Illinois,12127
March-2020,Utah,Maryland,3777
March-2020,Utah,Massachusetts,7653
March-2020,Utah,Michigan,1159
March-2020,Utah,Minnesota,7177
March-2020,Utah,New_Orleans,2166
March-2020,Utah,New_York,21738
March-2020,Utah,Other_Louisiana,621
March-2020,Utah,Pennsylvania,5246
March-2020,Utah,Shreveport_Bossier,181
March-2020,Utah,Texas,35295
March-2020,Utah,Utah,4249
March-2020,Utah,Virginia,2203
March-2020,Utah,Washington,14320
March-2020,Utah,Wisconsin,2540
March-2020,Virginia,Alaska,296
March-2020,Virginia,Arizona,4050
March-2020,Virginia,California,14639
March-2020,Virginia,Connecticut,1338
March-2020,Virginia,Florida,49396
March-2020,Virginia,Idaho,410
March-2020,Virginia,Illinois,7736
March-2020,Virginia,Maryland,1086
March-2020,Virginia,Massachusetts,10943
March-2020,Virginia,Michigan,1237
March-2020,Virginia,Minnesota,3472
March-2020,Virginia,New_Orleans,2593
March-2020,Virginia,New_York,24409
March-2020,Virginia,Other_Louisiana,699
March-2020,Virginia,Pennsylvania,6491
March-2020,Virginia,Shreveport_Bossier,245
March-2020,Virginia,Texas,15596
March-2020,Virginia,Utah,1998
March-2020,Virginia,Virginia,74
March-2020,Virginia,Washington,2425
March-2020,Virginia,Wisconsin,1999
March-2020,Washington,Alaska,27945
March-2020,Washington,Arizona,51219
March-2020,Washington,California,179654
March-2020,Washington,Connecticut,976
March-2020,Washington,Florida,27697
March-2020,Washington,Idaho,15782
March-2020,Washington,Illinois,16387
March-2020,Washington,Maryland,6270
March-2020,Washington,Massachusetts,9963
March-2020,Washington,Michigan,1512
March-2020,Washington,Minnesota,10287
March-2020,Washington,New_Orleans,3664
March-2020,Washington,New_York,20646
March-2020,Washington,Other_Louisiana,519
March-2020,Washington,Pennsylvania,5660
March-2020,Washington,Shreveport_Bossier,152
March-2020,Washington,Texas,36056
March-2020,Washington,Utah,13272
March-2020,Washington,Virginia,2471
March-2020,Washington,Washington,37231
March-2020,Washington,Wisconsin,3293
March-2020,Wisconsin,Alaska,340
March-2020,Wisconsin,Arizona,20387
March-2020,Wisconsin,California,16345
March-2020,Wisconsin,Connecticut,859
March-2020,Wisconsin,Florida,65270
March-2020,Wisconsin,Idaho,558
March-2020,Wisconsin,Illinois,6619
March-2020,Wisconsin,Maryland,1932
March-2020,Wisconsin,Massachusetts,3691
March-2020,Wisconsin,Michigan,932
March-2020,Wisconsin,Minnesota,4635
March-2020,Wisconsin,New_Orleans,1490
March-2020,Wisconsin,New_York,17464
March-2020,Wisconsin,Other_Louisiana,352
March-2020,Wisconsin,Pennsylvania,5616
March-2020,Wisconsin,Shreveport_Bossier,119
March-2020,Wisconsin,Texas,15172
March-2020,Wisconsin,Utah,2461
March-2020,Wisconsin,Virginia,2114
March-2020,Wisconsin,Washington,2875
March-2020,Wisconsin,Wisconsin,19
May-2020,Alaska,Alaska,64577
May-2020,Alaska,Arizona,834
May-2020,Alaska,California,2700
May-2020,Alaska,Connecticut,29
May-2020,Alaska,Florida,1011
May-2020,Alaska,Idaho,311
May-2020,Alaska,Illinois,413
May-2020,Alaska,Maryland,45
May-2020,Alaska,Massachusetts,210
May-2020,Alaska,Michigan,105
May-2020,Alaska,Minnesota,662
May-2020,Alaska,New_Orleans,170
May-2020,Alaska,New_York,485
May-2020,Alaska,Other_Louisiana,50
May-2020,Alaska,Pennsylvania,320
May-2020,Alaska,Shreveport_Bossier,17
May-2020,Alaska,Texas,978
May-2020,Alaska,Utah,451
May-2020,Alaska,Virginia,104
May-2020,Alaska,Washington,8648
May-2020,Alaska,Wisconsin,103
May-2020,Arizona,Alaska,1478
May-2020,Arizona,Arizona,2856
May-2020,Arizona,California,36140
May-2020,Arizona,Connecticut,491
May-2020,Arizona,Florida,10295
May-2020,Arizona,Idaho,1934
May-2020,Arizona,Illinois,18600
May-2020,Arizona,Maryland,2465
May-2020,Arizona,Massachusetts,3308
May-2020,Arizona,Michigan,2333
May-2020,Arizona,Minnesota,8260
May-2020,Arizona,New_Orleans,1237
May-2020,Arizona,New_York,2269
May-2020,Arizona,Other_Louisiana,330
May-2020,Arizona,Pennsylvania,3306
May-2020,Arizona,Shreveport_Bossier,101
May-2020,Arizona,Texas,27742
May-2020,Arizona,Utah,9655
May-2020,Arizona,Virginia,1083
May-2020,Arizona,Washington,17905
May-2020,Arizona,Wisconsin,3858
May-2020,California,Alaska,3236
May-2020,California,Arizona,34440
May-2020,California,California,168445
May-2020,California,Connecticut,1625
May-2020,California,Florida,27861
May-2020,California,Idaho,6420
May-2020,California,Illinois,34694
May-2020,California,Maryland,5505
May-2020,California,Massachusetts,6459
May-2020,California,Michigan,1275
May-2020,California,Minnesota,13342
May-2020,California,New_Orleans,2087
May-2020,California,New_York,27023
May-2020,California,Other_Louisiana,1119
May-2020,California,Pennsylvania,8332
May-2020,California,Shreveport_Bossier,376
May-2020,California,Texas,86826
May-2020,California,Utah,21956
May-2020,California,Virginia,3560
May-2020,California,Washington,57379
May-2020,California,Wisconsin,3111
May-2020,Connecticut,Alaska,34
May-2020,Connecticut,Arizona,445
May-2020,Connecticut,California,1302
May-2020,Connecticut,Florida,9417
May-2020,Connecticut,Idaho,26
May-2020,Connecticut,Illinois,228
May-2020,Connecticut,Maryland,857
May-2020,Connecticut,Michigan,146
May-2020,Connecticut,Minnesota,365
May-2020,Connecticut,New_Orleans,252
May-2020,Connecticut,New_York,70
May-2020,Connecticut,Other_Louisiana,42
May-2020,Connecticut,Pennsylvania,482
May-2020,Connecticut,Shreveport_Bossier,13
May-2020,Connecticut,Texas,1303
May-2020,Connecticut,Utah,263
May-2020,Connecticut,Virginia,270
May-2020,Connecticut,Washington,229
May-2020,Connecticut,Wisconsin,113
May-2020,Florida,Alaska,1435
May-2020,Florida,Arizona,9133
May-2020,Florida,California,28489
May-2020,Florida,Connecticut,10809
May-2020,Florida,Florida,18181
May-2020,Florida,Idaho,601
May-2020,Florida,Illinois,64571
May-2020,Florida,Maryland,25059
May-2020,Florida,Massachusetts,23365
May-2020,Florida,Michigan,14314
May-2020,Florida,Minnesota,17300
May-2020,Florida,New_Orleans,5925
May-2020,Florida,New_York,58451
May-2020,Florida,Other_Louisiana,786
May-2020,Florida,Pennsylvania,65317
May-2020,Florida,Shreveport_Bossier,846
May-2020,Florida,Texas,71208
May-2020,Florida,Utah,2900
May-2020,Florida,Virginia,13388
May-2020,Florida,Washington,7744
May-2020,Florida,Wisconsin,12537
May-2020,Idaho,Alaska,383
May-2020,Idaho,Arizona,1509
May-2020,Idaho,California,6387
May-2020,Idaho,Connecticut,26
May-2020,Idaho,Florida,705
May-2020,Idaho,Idaho,29
May-2020,Idaho,Illinois,694
May-2020,Idaho,Maryland,153
May-2020,Idaho,Massachusetts,48
May-2020,Idaho,Michigan,56
May-2020,Idaho,Minnesota,150
May-2020,Idaho,New_Orleans,69
May-2020,Idaho,New_York,245
May-2020,Idaho,Other_Louisiana,22
May-2020,Idaho,Pennsylvania,349
May-2020,Idaho,Shreveport_Bossier,6
May-2020,Idaho,Texas,1275
May-2020,Idaho,Utah,1981
May-2020,Idaho,Virginia,93
May-2020,Idaho,Washington,4184
May-2020,Idaho,Wisconsin,112
May-2020,Illinois,Alaska,443
May-2020,Illinois,Arizona,19367
May-2020,Illinois,California,34049
May-2020,Illinois,Connecticut,693
May-2020,Illinois,Florida,65910
May-2020,Illinois,Idaho,673
May-2020,Illinois,Illinois,4930
May-2020,Illinois,Maryland,5326
May-2020,Illinois,Massachusetts,6524
May-2020,Illinois,Michigan,4200
May-2020,Illinois,Minnesota,4412
May-2020,Illinois,New_Orleans,2826
May-2020,Illinois,New_York,12639
May-2020,Illinois,Other_Louisiana,187
May-2020,Illinois,Pennsylvania,8392
May-2020,Illinois,Shreveport_Bossier,80
May-2020,Illinois,Texas,32281
May-2020,Illinois,Utah,1967
May-2020,Illinois,Virginia,3597
May-2020,Illinois,Washington,6015
May-2020,Illinois,Wisconsin,2740
May-2020,Maryland,Alaska,103
May-2020,Maryland,Arizona,2783
May-2020,Maryland,California,3788
May-2020,Maryland,Connecticut,1245
May-2020,Maryland,Florida,25107
May-2020,Maryland,Idaho,68
May-2020,Maryland,Illinois,5550
May-2020,Maryland,Massachusetts,3087
May-2020,Maryland,Michigan,103
May-2020,Maryland,Minnesota,830
May-2020,Maryland,New_Orleans,1516
May-2020,Maryland,New_York,5981
May-2020,Maryland,Other_Louisiana,85
May-2020,Maryland,Pennsylvania,2606
May-2020,Maryland,Shreveport_Bossier,51
May-2020,Maryland,Texas,8284
May-2020,Maryland,Utah,1211
May-2020,Maryland,Virginia,781
May-2020,Maryland,Washington,492
May-2020,Maryland,Wisconsin,761
May-2020,Massachusetts,Alaska,332
May-2020,Massachusetts,Arizona,3043
May-2020,Massachusetts,California,7382
May-2020,Massachusetts,Florida,22325
May-2020,Massachusetts,Idaho,62
May-2020,Massachusetts,Illinois,5653
May-2020,Massachusetts,Maryland,1573
May-2020,Massachusetts,Massachusetts,3251
May-2020,Massachusetts,Michigan,239
May-2020,Massachusetts,Minnesota,1518
May-2020,Massachusetts,New_Orleans,1011
May-2020,Massachusetts,New_York,4689
May-2020,Massachusetts,Other_Louisiana,128
May-2020,Massachusetts,Pennsylvania,3598
May-2020,Massachusetts,Shreveport_Bossier,49
May-2020,Massachusetts,Texas,11274
May-2020,Massachusetts,Utah,710
May-2020,Massachusetts,Virginia,855
May-2020,Massachusetts,Washington,2738
May-2020,Massachusetts,Wisconsin,405
May-2020,Michigan,Alaska,163
May-2020,Michigan,Arizona,2099
May-2020,Michigan,California,1388
May-2020,Michigan,Connecticut,131
May-2020,Michigan,Florida,12849
May-2020,Michigan,Idaho,76
May-2020,Michigan,Illinois,3785
May-2020,Michigan,Maryland,80
May-2020,Michigan,Massachusetts,256
May-2020,Michigan,Michigan,568
May-2020,Michigan,Minnesota,1092
May-2020,Michigan,New_Orleans,260
May-2020,Michigan,New_York,511
May-2020,Michigan,Other_Louisiana,48
May-2020,Michigan,Pennsylvania,463
May-2020,Michigan,Shreveport_Bossier,19
May-2020,Michigan,Texas,3219
May-2020,Michigan,Utah,244
May-2020,Michigan,Virginia,233
May-2020,Michigan,Washington,322
May-2020,Michigan,Wisconsin,143
May-2020,Minnesota,Alaska,884
May-2020,Minnesota,Arizona,7247
May-2020,Minnesota,California,14086
May-2020,Minnesota,Connecticut,174
May-2020,Minnesota,Florida,15198
May-2020,Minnesota,Idaho,158
May-2020,Minnesota,Illinois,4521
May-2020,Minnesota,Maryland,1188
May-2020,Minnesota,Massachusetts,1330
May-2020,Minnesota,Michigan,726
May-2020,Minnesota,Minnesota,4659
May-2020,Minnesota,New_Orleans,785
May-2020,Minnesota,New_York,2504
May-2020,Minnesota,Other_Louisiana,107
May-2020,Minnesota,Pennsylvania,1599
May-2020,Minnesota,Shreveport_Bossier,51
May-2020,Minnesota,Texas,9394
May-2020,Minnesota,Utah,2983
May-2020,Minnesota,Virginia,364
May-2020,Minnesota,Washington,4278
May-2020,Minnesota,Wisconsin,1730
May-2020,New_Orleans,Alaska,200
May-2020,New_Orleans,Arizona,608
May-2020,New_Orleans,California,3288
May-2020,New_Orleans,Connecticut,173
May-2020,New_Orleans,Florida,7314
May-2020,New_Orleans,Idaho,52
May-2020,New_Orleans,Illinois,2884
May-2020,New_Orleans,Maryland,1012
May-2020,New_Orleans,Massachusetts,1064
May-2020,New_Orleans,Michigan,287
May-2020,New_Orleans,Minnesota,858
May-2020,New_Orleans,New_York,1011
May-2020,New_Orleans,Other_Louisiana,3
May-2020,New_Orleans,Pennsylvania,1109
May-2020,New_Orleans,Shreveport_Bossier,22
May-2020,New_Orleans,Texas,9549
May-2020,New_Orleans,Utah,358
May-2020,New_Orleans,Virginia,596
May-2020,New_Orleans,Washington,1007
May-2020,New_Orleans,Wisconsin,141
May-2020,New_York,Alaska,715
May-2020,New_York,Arizona,1858
May-2020,New_York,California,28931
May-2020,New_York,Connecticut,44
May-2020,New_York,Florida,54033
May-2020,New_York,Idaho,273
May-2020,New_York,Illinois,15209
May-2020,New_York,Maryland,3931
May-2020,New_York,Massachusetts,5292
May-2020,New_York,Michigan,539
May-2020,New_York,Minnesota,3381
May-2020,New_York,New_Orleans,790
May-2020,New_York,New_York,5113
May-2020,New_York,Other_Louisiana,354
May-2020,New_York,Pennsylvania,2730
May-2020,New_York,Shreveport_Bossier,104
May-2020,New_York,Texas,16330
May-2020,New_York,Utah,2919
May-2020,New_York,Virginia,733
May-2020,New_York,Washington,6608
May-2020,New_York,Wisconsin,531
May-2020,Other_Louisiana,Alaska,102
May-2020,Other_Louisiana,Arizona,287
May-2020,Other_Louisiana,California,1152
May-2020,Other_Louisiana,Connecticut,39
May-2020,Other_Louisiana,Florida,802
May-2020,Other_Louisiana,Idaho,20
May-2020,Other_Louisiana,Illinois,231
May-2020,Other_Louisiana,Maryland,74
May-2020,Other_Louisiana,Massachusetts,145
May-2020,Other_Louisiana,Michigan,37
May-2020,Other_Louisiana,Minnesota,115
May-2020,Other_Louisiana,New_York,371
May-2020,Other_Louisiana,Other_Louisiana,2
May-2020,Other_Louisiana,Pennsylvania,309
May-2020,Other_Louisiana,Shreveport_Bossier,8
May-2020,Other_Louisiana,Texas,5229
May-2020,Other_Louisiana,Utah,147
May-2020,Other_Louisiana,Virginia,165
May-2020,Other_Louisiana,Washington,277
May-2020,Other_Louisiana,Wisconsin,94
May-2020,Pennsylvania,Alaska,441
May-2020,Pennsylvania,Arizona,3095
May-2020,Pennsylvania,California,8738
May-2020,Pennsylvania,Connecticut,559
May-2020,Pennsylvania,Florida,62867
May-2020,Pennsylvania,Idaho,160
May-2020,Pennsylvania,Illinois,10387
May-2020,Pennsylvania,Maryland,2060
May-2020,Pennsylvania,Massachusetts,3744
May-2020,Pennsylvania,Michigan,444
May-2020,Pennsylvania,Minnesota,1868
May-2020,Pennsylvania,New_Orleans,1361
May-2020,Pennsylvania,New_York,3438
May-2020,Pennsylvania,Other_Louisiana,331
May-2020,Pennsylvania,Pennsylvania,6676
May-2020,Pennsylvania,Shreveport_Bossier,123
May-2020,Pennsylvania,Texas,16896
May-2020,Pennsylvania,Utah,914
May-2020,Pennsylvania,Virginia,2588
May-2020,Pennsylvania,Washington,3540
May-2020,Pennsylvania,Wisconsin,1578
May-2020,Shreveport_Bossier,Alaska,31
May-2020,Shreveport_Bossier,Arizona,99
May-2020,Shreveport_Bossier,California,399
May-2020,Shreveport_Bossier,Connecticut,10
May-2020,Shreveport_Bossier,Florida,1004
May-2020,Shreveport_Bossier,Idaho,13
May-2020,Shreveport_Bossier,Illinois,92
May-2020,Shreveport_Bossier,Maryland,34
May-2020,Shreveport_Bossier,Massachusetts,56
May-2020,Shreveport_Bossier,Michigan,21
May-2020,Shreveport_Bossier,Minnesota,51
May-2020,Shreveport_Bossier,New_Orleans,6
May-2020,Shreveport_Bossier,New_York,113
May-2020,Shreveport_Bossier,Other_Louisiana,4
May-2020,Shreveport_Bossier,Pennsylvania,111
May-2020,Shreveport_Bossier,Texas,969
May-2020,Shreveport_Bossier,Utah,48
May-2020,Shreveport_Bossier,Virginia,57
May-2020,Shreveport_Bossier,Washington,95
May-2020,Shreveport_Bossier,Wisconsin,28
May-2020,Texas,Alaska,1263
May-2020,Texas,Arizona,30308
May-2020,Texas,California,87384
May-2020,Texas,Connecticut,1360
May-2020,Texas,Florida,70003
May-2020,Texas,Idaho,1090
May-2020,Texas,Illinois,34060
May-2020,Texas,Maryland,8800
May-2020,Texas,Massachusetts,11405
May-2020,Texas,Michigan,2731
May-2020,Texas,Minnesota,9486
May-2020,Texas,New_Orleans,9196
May-2020,Texas,New_York,16460
May-2020,Texas,Other_Louisiana,5495
May-2020,Texas,Pennsylvania,15706
May-2020,Texas,Shreveport_Bossier,1834
May-2020,Texas,Texas,102790
May-2020,Texas,Utah,9028
May-2020,Texas,Virginia,5506
May-2020,Texas,Washington,15059
May-2020,Texas,Wisconsin,3548
May-2020,Utah,Alaska,533
May-2020,Utah,Arizona,9613
May-2020,Utah,California,20581
May-2020,Utah,Connecticut,260
May-2020,Utah,Florida,3242
May-2020,Utah,Idaho,1920
May-2020,Utah,Illinois,1710
May-2020,Utah,Maryland,1439
May-2020,Utah,Massachusetts,597
May-2020,Utah,Michigan,227
May-2020,Utah,Minnesota,2808
May-2020,Utah,New_Orleans,192
May-2020,Utah,New_York,2744
May-2020,Utah,Other_Louisiana,146
May-2020,Utah,Pennsylvania,840
May-2020,Utah,Shreveport_Bossier,49
May-2020,Utah,Texas,10149
May-2020,Utah,Utah,402
May-2020,Utah,Virginia,400
May-2020,Utah,Washington,6525
May-2020,Utah,Wisconsin,316
May-2020,Virginia,Alaska,118
May-2020,Virginia,Arizona,1371
May-2020,Virginia,California,3606
May-2020,Virginia,Connecticut,227
May-2020,Virginia,Florida,12227
May-2020,Virginia,Idaho,72
May-2020,Virginia,Illinois,2322
May-2020,Virginia,Maryland,719
May-2020,Virginia,Massachusetts,913
May-2020,Virginia,Michigan,245
May-2020,Virginia,Minnesota,324
May-2020,Virginia,New_Orleans,394
May-2020,Virginia,New_York,928
May-2020,Virginia,Other_Louisiana,171
May-2020,Virginia,Pennsylvania,1966
May-2020,Virginia,Shreveport_Bossier,53
May-2020,Virginia,Texas,5931
May-2020,Virginia,Utah,569
May-2020,Virginia,Virginia,8
May-2020,Virginia,Washington,709
May-2020,Virginia,Wisconsin,370
May-2020,Washington,Alaska,12231
May-2020,Washington,Arizona,22293
May-2020,Washington,California,54503
May-2020,Washington,Connecticut,259
May-2020,Washington,Florida,7535
May-2020,Washington,Idaho,4139
May-2020,Washington,Illinois,6168
May-2020,Washington,Maryland,551
May-2020,Washington,Massachusetts,2352
May-2020,Washington,Michigan,291
May-2020,Washington,Minnesota,4131
May-2020,Washington,New_Orleans,1298
May-2020,Washington,New_York,5600
May-2020,Washington,Other_Louisiana,261
May-2020,Washington,Pennsylvania,3097
May-2020,Washington,Shreveport_Bossier,85
May-2020,Washington,Texas,15034
May-2020,Washington,Utah,6984
May-2020,Washington,Virginia,682
May-2020,Washington,Washington,10980
May-2020,Washington,Wisconsin,953
May-2020,Wisconsin,Alaska,112
May-2020,Wisconsin,Arizona,5054
May-2020,Wisconsin,California,3863
May-2020,Wisconsin,Connecticut,136
May-2020,Wisconsin,Florida,9298
May-2020,Wisconsin,Idaho,102
May-2020,Wisconsin,Illinois,2733
May-2020,Wisconsin,Maryland,1611
May-2020,Wisconsin,Massachusetts,252
May-2020,Wisconsin,Michigan,144
May-2020,Wisconsin,Minnesota,1484
May-2020,Wisconsin,New_Orleans,152
May-2020,Wisconsin,New_York,508
May-2020,Wisconsin,Other_Louisiana,67
May-2020,Wisconsin,Pennsylvania,1439
May-2020,Wisconsin,Shreveport_Bossier,28
May-2020,Wisconsin,Texas,3485
May-2020,Wisconsin,Utah,240
May-2020,Wisconsin,Virginia,403
May-2020,Wisconsin,Washington,1123
May-2020,Wisconsin,Wisconsin,615
